Name,VH,VL
sample_1,EVQLVETGGGLIQPGGSLTLSCAASGFTVSNNYMSWGRQAPGKGLEVVAVIWNKGDTDYSDSVKGRFTVSRDSSKNTVFLQMGYLITKDTAVYYCTRMFGAMVHARGIYWGQGTLVTVSS,QSVLTQPRSVSGAPGQRVTISCTGSNSNIGAGYDVHWYQQLPGRAPKLLIYGNTKRPSGVPGRFSGSKSGTSASLAITGLQADEEADYYCQSFDSSLSAYVFGTGTRVTVL
sample_2,QVQLVQSGAEVKKPGSSVKVSCKASGGTFSSYAISWVRQAPGQGLEWMGGIIPIFGTANYAQKFQGRVTMTADKSTSTAYMELSSLRSEDTAVYYCARDRGRVPAGAFDIWGQGTMVTVSS,QSALTQPRSVSGSTGQSVTIYCSGSRSDVGGYKYVSWYQQHPGKAPKLIIYDVNKRPSGVPDRFSGSKSGTTASLTIAGLQTEEEADYYCGSYAGSNNYVFGTGTKVTVL
sample_3,EVQLVESAGGLVKPGGSLRLSCRASGFPVSSYGMSWVRQAPGKGPEWVSYINTSSDTIYYADAVKGRFTISRDNAKNSLYLQMNSLRDEDTAVYDCARKVLRSSSAFYYGMDVWGQGTTVTVSS,SGQTQPLSVSGSPGPRTTISCTGTSNDVGGNSDVSWYQQRPGTAPKLMIYNVRTRPPGVSNRFSGSKSGNTASLTISGLQAEDEADYYCSSYTASSTLVFGGGTKLTVL
sample_4,QVQLVESGGGLVKPGRSLRLSCAASGFTFSQYSMSWVRQAPGKGLEWVSYIRQDGSTKYYTDSVKGRFTISRDNAKNSLYLQMNNLRAEDTAVYYCARDQNMWAEVGHDFWGQGTLVTVTS,QLVLTQSPSASASLGASVKLTCTLNSEHGSYPIAWHQRQTEKGPRYLMKVNSDGSHNKGDGIPDRFSGSTSGAERYLTISSLQSEDEADYYCQTWGTGIQVFGGGTKLTVL
sample_5,EVQLLESGGGLVQPGGSLRLSCAASGFTFSSYAMSWVRQAPGRGLEWVSAISGSGGSTYYADSVKGRFTISRDNSKNTLYLQMNSLRAEDTAVYYCAKGTGHTYSGPGDDAFDIWGQGTMVTVAS,QTVVTQEPSFSVSPGGTVTLTCGSRSGAVTAGHYPAWFQQKPGQAPRALIYDTRKQWSWTPARFSGSLLGGKAVLTLSGVQPEDEAEYYCLIYYGGAHVFGTGTKVTVL
sample_6,EVQLLESGGDLVQPGGSLRLSCAASGFTFSIFAMTWVRQAPGKGLEWVSEIIGGGDTYYADSVKGRFTISRDNSKNTLYLQMNSLRAEDTAVYYCAQAVYDSSGYYGIAFDIWGQGTMITVSS,QSVLTPPPSVSGAQGQKLTIPCTRSSSNIGAGYDVHWYQQLPGTAPKRLIYNNYHRWTAGRPDCFSGSKSGTSASLAITGLQAEDEADYYCQTYDDGANLVVFGGGTKLTVL
sample_7,QLQLQESGPGLVKPSETLSLTCTVSGGSLSRSSDYWAWSRPPPKKGLEWIGSIYYSGSTYYNPSLKSRVTISVDTSKNQFSLKLSSVSAADTAVYYCARSLTITIVADPRTGMDVWGQGTTVTVSS,QSVLAQPPSASGTPGQRVTIPCSGSSSNIRSNAVNWYQQLPGTAPKLLIYNNNQRPSGVPDRFSGSKSGTSASLAISGLQSEDEADDYCATWDDTLNVGVFGGGTKLTVL
sample_8,EVQLVESGGGLVKPGGSLRLSCEASGFTFSSYSMNWVRQAPGKGLEWVSSISSSSSYIYYADSVKRRFTISRDNAKNSLYLQMNSLRAEDTAVYYCARDRWVDYWGQGTLVTVSS,QSALTQPASVSGSPGQSITISCTGSLSDVGTYYGKWLPQTPGQAHHLMMYQVSARPAGVSTRFSGSKSANAASLTISGLQAADEDDYYCSADTGSSTVLFGGGTKLTVL
sample_9,EVQLVESGGGLVKPGGSLRLSCAASGFTFSSYNMNWVRQAPGKGLEWVSSISSSSSYIYYADSVKGRFTIARDNAKNSLYLQMNSLRAEDTAVYYCARDLSLDYGSGSRGHYWGQGTLVTVSS,SVLTQPPSVSGAPGQRVTIPCSGSRSNIGAGYDVHWYQQLPGTAPKLLIYANNNRPSGVPDRFSGSKSGTSASLAITGLQAEDEADYYCQSFDRRLSGYVFGTGTHVTVL
sample_10,EVQLLESGGGLAQPGGSLKVSCTASGFTFRSTAMSWVRQAPGQGLEWVSAISSGGGGTYYADSVKGRFTISRDNSKNTLYLKMNSLRAEDTAIYYCAKNLDTRGESARFGPGYWGQGTLVTVSS,QSVLTQPPSASGTPGQRVTIPCSGTSSDIGSNYVYWYQHLPGTAPKLLIYSNNQRPSGVPDRFSGSKSGTSASLAISGLRSEDEADYYCAAWDASLSGWVFGGGTKLTVL
sample_11,QVQLVQSGAEVKKPGASVKVSCKASGYTFTSYGISWVRQAPGQGLEWMGWISAYNGNTNYAQKLQGRVTMTTDTSTSTAYMELRSLRSDDTAVYYCARDRRDCSSTSCYTAAFDIWGQGTMVTVSS,QSALTQPASVSGSPGQSITISCTGTSSDVGSYNLVSWYQQHPGKAPKLMIYEVSKRPSGVSNRFSGSKSGNTASLTISGLQADDEADYYCCSYAGSSTYVFGTGTKVTVL
sample_12,EVQLVESGGGLVQPGGSLRLSCAASGFTFSSYWMHWVRQAPGKGLVWVSRINSDGSSTSYADSVKGRFTISRDNAKNTLYLQMNSLRAEDTAVYYCARAQGVVVITATLDYWGQGTLVTVSS,QSVLTQPPSVSGAPGQRVTISCTGSSSNIGAGYDVHWYQQLPGTAPKLLIYGNSNRPSGVPDRFSGSKSGTSASLAITGLQAEDEADYYCQSYDSSLSGVVFGGGTKLTVL
sample_13,EVQLVESGGGLVQPGGSLRLSCAASGFTFSSYSMNWVRQAPGKGLEWVSYISSSSSTIYYADSVKGRFTISRDNAKNSLYLQMNSLRDEDTAVYYCARDGYNWNYYYGMDVWGQGTTVTVSS,SYVLTQPPSVSVAPGQTARITCGGNNIGSKSVHWYQQKPGQAPVLVVYDDSDRPSGIPERFSGSNSGNTATLTISRVEAGDEADYYCQVWDSSSDHPGVFGTGTKVTVL
sample_14,EVQLVESGGGLVQPGGSLRLSCAASGFTFSSYWMHWVRQAPGKGLVWVSRINSDGSSTSYADSVKGRFTISRDNAKNTLYLQMNSLRAEDTAVYYCARELWDYYYYGMDVWGQGTTVTVSS,QSVLTQPPSVSGAPGQRVTISCTGSSSNIGAGYDVHWYQQLPGTAPKLLIYGNSNRPSGVPDRFSGSKSGTSASLAITGLQAEDEADYYCQSYDSSLSGWVFGGGTKLTVL
sample_15,EVQLVESGGGLVQPGGSLRLSCAASGFTFSSYWMSWVRQAPGKGLEWVANIKQDGSEKYYVDSVKGRFTISRDNAKNSLYLQMNSLRAEDTAVYYCARDLLSGYPFDYWGQGTLVTVSS,QSVLTQPPSVSGAPGQRVTISCTGSSSNIGAGYDVHWYQQLPGTAPKLLIYGNSNRPSGVPDRFSGSKSGTSASLAITGLQAEDEADYYCQSYDSSLSGYVFGTGTKVTVL
sample_16,EVQLVESGGGLVKPGGSLRLSCAASGFTFSSYSMNWVRQAPGKGLEWVSSISSSSSYIYYADSVKGRFTISRDNAKNSLYLQMNSLRAEDTAVYYCARDSGYYDSSGYYNWFDPWGQGTLVTVSS,QSVLTQPPSVSGAPGQRVTISCTGSSSNIGAGYDVHWYQQLPGTAPKLLIYGNSNRPSGVPDRFSGSKSGTSASLAITGLQAEDEADYYCQSYDSSLSGSVFGGGTKLTVL
sample_17,QVQLVQSGAEVKKPGSSVKVSCKASGGTFSSYAISWVRQAPGQGLEWMGGIIPIFGTANYAQKFQGRVTITADESTSTAYMELSSLRSEDTAVYYCARDDYDFWSGYYRRSYYYGMDVWGQGTTVTVSS,QSALTQPASVSGSPGQSITISCTGTSSDVGGYNYVSWYQQHPGKAPKLMIYDVSNRPSGVSNRFSGSKSGNTASLTISGLQAEDEADYYCSSYTSSSTLVFGGGTKLTVL
sample_18,EVQLVESGGGLVKPGGSLRLSCAASGFTFSNAWMSWVRQAPGKGLEWVGRIKSKTDGGTTDYAAPVKGRFTISRDDSKNTLYLQMNSLKTEDTAVYYCTTGGSYYYYYGMDVWGQGTTVTVSS,QSVLTQPPSVSGAPGQRVTISCTGSSSNIGAGYDVHWYQQLPGTAPKLLIYGNSNRPSGVPDRFSGSKSGTSASLAITGLQAEDEADYYCQSYDSSLSGWVFGGGTKLTVL
sample_19,EVQLVESGGGLVKPGGSLRLSCAASGFTFSNAWMSWVRQAPGKGLEWVGRIKSKTDGGTTDYAAPVKGRFTISRDDSKNTLYLQMNSLKTEDTAVYYCTTDPGYSGYDYWGQGTLVTVSS,SYELTQPPSVSVSPGQTASITCSGDKLGDKYACWYQQKPGQSPVLVIYQDSKRPSGIPERFSGSNSGNTATLTISGTQAMDEADYYCQAWDSSTAVFGGGTKLTVL
sample_20,QVQLVESGGGVVQPGRSLRLSCAASGFTFSSYGMHWVRQAPGKGLEWVAVISYDGSNKYYADSVKGRFTISRDNSKNTLYLQMNSLRAEDTAVYYCAKDLGEYYDSSGYYYDSWGQGTLVTVSS,QSVLTQPPSVSGAPGQRVTISCTGSSSNIGAGYDVHWYQQLPGTAPKLLIYGNSNRPSGVPDRFSGSKSGTSASLAITGLQAEDEADYYCQSYDSSLSGSVFGGGTKLTVL
